buyerID,buyerName
A38NELQT98S4H8,WB Halper
A3QJU4FEN8PQSZ,Grimmy
ACJT8MUC0LRF0,D. Fowler
AYUF7YETYOLNX,Bryan Newman
A31ICLWQ9CSHRS,Al Swanson
A2BVNVJOFXGZUB,J. Howard
A2JMJVNTBL7K7E,Yesuaini99
A14JBDSWKPKTZA,Bob Feeser
A2WCFDOCS73PNB,Gadgetman
A14638TGYH7GD9,Rebecca Haden
A2VWE5SGNDS8HW,tachi1
A13700AF4X40YG,Loves Books in MD
A23E9QQHJLNGUI,Bill Oterson
A1GQRGB8FGSLIZ,Amazon Customer
A1E50L7PCVXLN4,Colinda
A10Y058K7B96C6,midnight122
A3V7D0LH8L7BG0,Spike D.
AGVWTYW0ULXHT,Nate
A31N0XY2UTB25C,Stephanie Sullivan
A2BLFCOPSMBOZ9,Dave Edmiston
A24X9HGDWV2ZZH,GGSM Mobile
AHEZP9ACDYJII,Mike M.
A2WUYJJ7NPQ5H4,Richard S.
AXGLPF6X39874,John
AJK49DENMS2BT,Richard E. J. Burke
A3UI63EESKUYHU,Amazon Customer
AK8GQ08WTHW4G,Jeff Switzer
A1MRPX3RM48T2I,Trenton Bennett
A318IDAWJ9ZYAY,Ariaceliz
ANGGNFE8DXGYC,Perspectech
A2N4QZL8L2NVKX,Jerome P. Wicker
A1EMDSTJDUE6B0,Randy Given
A6M01NDCD957E,James McDonald
A3PAUB3M715CJC,the Commish!!!
AEC7B85GKPM0W,G. Bell
A22S7D0LP8GRDH,Jacob and Kiki Hantl
A3A770EP3KUHKM,Terry R. Henderson
A3VV6SV0Z2HNTA,Uncle Bob
A2MKY8OUI8GZG1,Big shopper
A3VONQL7YW8UPM,LUCK
A3N7T0DY83Y4IG,C. A. Freeman
AA90W95STFGAC,Amazon Customer
AHNHLGKIZ2N3B,D. R. Jeanclerc
A16QODENBJVUI1,Robert Moore
A376OJHLE6SU9Q,M. Wolf
A1E5WXNTI7EO2A,Sarah B.
AEJAGHLC675A7,John Williamson
A17A1KTVI3DG6U,Nathan A. Edwards
AZZ5ASC403N74,Rose Blue
A4U27URFECK1U,The Technologist
A2CZ98V784SRJ0,L. Perry
A2GP6XJ1V3MM3L,BumbleB
AGOH8N902URMW,Zeb
A3OIMUR42XIOFQ,David Field
A379DLIAF0MFM5,Mr. Deeds
A17BUUBOU0598B,Mark
A3963R7EPE3A7E,John Schar
AZYJE40XW6MFG,A. Manning
A3TPNC3TKGCCEI,Ms. Rocki
A3G007LQX6KGOD,SevereWX
A3BNMHRW2R35LK,S. Peterson
A1PI8VBCXXSGC7,Lynn
A1D7VWS3DWS7X8,Joseph Siegler
ATZJNEXX7LWD3,RG
A2P6QCZWW3H1X6,Londonnoise
A2AMTEB5UZEOXE,Kelly
A3PJZ8TU8FDQ1K,Jared Castle
A2ZJMLZ1IA2YA9,Rachel B
A2L6QS8SVHT9RG,randomartco
A3R1WFO4KIUQXZ,PhotoGraphics
A5JLAU2ARJ0BO,Old-and-Wise
ACVDL5QRCOPE1,D. H.
A3H7ADUP07D93H,J. Fuchs
A3FFKU2MTCOBM1,new yorker
A1TR1R2QKWRSRA,D. Chou
A226VGZWOEBPGL,Amazon Customer
A11SWG9T60IQH8,Turtles all the Way 
A1T2ZO4ARVSUGE,Dave Greenbaum
A16RI68PS6T5CA,Gadget Geek
A1GWG5CWLKJ7ET,Robert
A1HOLE9R6WPT85,Mad Max
ALQ4USPEQ9L5N,Shopaholic
A11EYMH9UV9XG7,greenmantis
A26LQSC65AMTGK,Dawn Dowdle
A2SZLNSI5KOQJT,Carrie
A3LDLV1GWQJLEQ,E. Talerico
A3LGT6UZL99IW1,Richard C. Drew
A3CAG7WLTAKPI,Bisforblake
A32B6XWNR55SRL,James W. Durney
A38KK0SZYEH5UD,Busy Executive
A22RY8N8CNDF3A,Loyd Eskildson
ARADXCOUVBS09,Gavin Scott
A11REZES0TNBSD,Joseph T. Reinckens 
A3F3B6HY9RJI04,James Duckett
AHQRU3MRORIWQ,EMTP EJ
A1SCANWWQTEG9I,thelastcoyote101
A1WBEIH7Z37LN9,MagicSkip
A2F2S1L61X1LA9,Bromptonboy
A21OGQWFAKGC41,C. Robinson
A1A21GIPMY89BZ,x
A141W8WHW9AC3H,Robin
A3RF46CL8GDIN8,NorthStar
A8WAYVOKYBLO6,Darcy Pennell
A2YKWYC3WQJX5J,ShannonOnTheLakes
A301B6L3TCD7WL,Tanya McHenry
A2WN1QF8GSVHYV,Altmed
A3D5B2CBFNJB0K,ut158
A3OXHLG6DIBRW8,C. Hill
A1ZZR25X0CNOJX,slim
AYVM2DODURDLE,Veritas513
A3S3R88HA0HZG3,PT Cruiser
A2JCJJNY43QQIV,Katy Lake
A3FGJDBSMCSG7G,Sam Vaknin
A225G2TFM76GYX,J. White
A3TUWNDO2728F3,Lauren
AI290A0Z9Y3XF,Holly
AYJF535SFBGXO,Obsessed With ND &am
A3A8ZWV1PQWXK5,Hanna
A1P4RH7KMJ1SV2,Molly P.
A1IU7S4HCK1XK0,Joanna D.
A3PD6NG6XL336W,Setsuna
A3ANETCTMAN1NP,JJ
A16UJ76AFPJGEX,B. LAWS
A5FS50VW0GWEE,Baseball
AD0J5KK4WQXNS,OverTheMoon
AG42CYU5P8NVQ,Mathew A. Shember
A16SG04X5KYYKW,Jimmy Blue
AWIF8AR75LL9L,Colorgirl
A1C9C1QOQB94RT,Robert Herschede
AE95Z3K6GVIC3,S. Kim
ARXU3FESTWMJJ,Mary Jo Sminkey
A2G0O4Y8QE10AE,Deborah Woehr
ANEDXRFDZDL18,Serene Night
A1PPD5TOR6VVYV,S Smyth
A1LCS3WQEWUO6Y,Amazon8892
A20DZX38KRBIT8,Deimos
A1R9QOPV6HVEKF,Adam F. Jewell
A13BTMCSLTQ48R,Llama Mama
A3MGDZ4LX7CLXW,Katie Taylor
A22F3BWM7RAHDA,P. B. Sharp
A1N2L9A6I686G5,Katie
A3B20R4ZAH0Y2Y,Dave Millman
A2EGK0YRDF4ZZB,Bundt Lust
AFFTVSSV0D5A1,D
A3TLPNECI4DG3N,Carl Fongheiser
A1MJWOYNJSZPPJ,James
A2N4Y0OQ8RP88Y,Pat Senter
A24G9X47GNVI02,Freddy
A1JV5541KYYH9Y,Jim Hanson
A3HM2ZVKF7Z8LJ,mark braun
A147A9US858FV8,Jayson
A1HJTB0MIC4KQN,Amazon Customer
A7NGASCWV27S7,JESSE HOLBROOK
A1V68ZGRMUT7YC,Alex Jenkins
AOEYPSPIR3HBL,Matthew
A3AKH3YQJ0POOA,Efrain Osuna
A3OZW1RD3LLRK8,Onlineorder42
A24KVXQCVQ4XE8,Robert M.
A18S5P9VX4QL18,Ofelia Tobias
A366GHYFWYLVCI,S. Thomas Dorey
ACP6W0CULQ26N,Walter Lehnert
AIT20JDK6ZWZN,Thom S.
A1LNWNTJV8OXKC,Proteous
A2RM0Q8VFSH0OW,Odewan
A2QU1RTXCWNAVA,Naval
A2GG6IJ55UX6YZ,Pablo Masotta
A32OJFTLJUUPZI,Carmen Gonzalez
ALXRKQ572JVN4,UpwrdMblty
AK3K19MB191ZO,Flamingo C.
A28ZB85V5UMY22,Hutton Headley
A1TZ9MCWA6EHJ1,Barium86
A3V1DM71RMGBFB,carleton
A1SLOSK3LFHWM1,Amazon Customer
A3D44572MFVIMI,Comin Seance
A3K082UB8PHLO5,Joseph Matthews
A1I7HLVM8OHMCF,Walter McNamee
A20PKGHQ0KQPXH,hieu
A1YZDWOWFXC094,Daniel J. Ayala
A4EJM72NKO4YM,Debra
A1JZFGZEZVWQPY,Professor H
A1OJ9V614SM587,Susan Hope
A2ETPOKJOA57W6,Rick C
AI6YOSOWFYF82,wladimir luquez
A3RK4C2I5SPZNO,JayB
A1E3P6P5I9H215,K. Kasin
A1OP3DBLTQC5SR,Rose Homan
A3VNNC6YER083I,Sicario
A1CTO812YAY1QP,Wolfgang Hargitai
A1U5KM2Y6T5II0,Javier Alejandro Cur
A2U276LA0HC7HD,FRMartin
A3O3D9EFNNZ3EY,MWH
A28QQLZKCH4IU3,Schlager
A1TL5X32Z3KNVC,alnevie
A1Q0OFY99JXU43,Charlie C.
A1YX7VKXJA8E3A,EYAL ZAMIR
AXO1SEG20M3VX,El Segundero
A2L5Q1LDOWR2N6,JCNC
A2BEM5JXJ4W16V,SBMltd
A161FCWNZBHCLD,Thomas B.
A2857LQW3WE18Y,Marva L.
A9O72QCR7PQ8,gregory a. vivarttas
A1QFZ73XYA5LPU,Jack Zhang
A1E9UHMG4RSKUA,Amazon_Fan
A2E8MIV25KD50N,Bradley
A2Z6TTDFEM53ZW,cp
A1M462Y70IRKLS,WIFI-SLAX
A2NAI0BLGATDT7,DHP
A3UFSSZ700NAYC,Samuel Asay
A16EESTMO8PXNC,Isaac Cheung
A2ZVKG17FKUC1Q,Walt Esquivel
A2WH1C8P4KRGNV,SlickPDP
A2WMO9XF703DHT,Amazon Customer
AUVBT6VI1P66,Grinch
A2R0KNEDZ92FB8,Ronald N.
A36GMVSF1UGAJE,asSeenOnWeb
A1TS7YC0CG0P93,Thomas
AGB5Y8GBJRQ7S,Spd_Rcr
A15NHYDQ8OEL0B,Zwykly Klijent
A3DLVKHACGIUA0,gyancy
A1U2G9QN3JNB4S,Dwayne Edwards
AKFTR2Z33Y0BJ,Nelson Gruber
A298076RSGTIS,Al775
AVQD4OPXBSCVB,Lizzie407
A31POTIYCKSZ9G,So CA Teacher
A3GQ5BDKDYRJSC,D. Thomas
A2YTME3AETDV7J,Computer nerd
A3MEDEQS42LWCM,John Dorian
AIPFDU0LF1RSQ,Capeman
A2N1CTMSLLJ4YX,Matt
A3TGWTP4XJB228,Louis F.
A3T6BTHV5XVX1X,David Knorr
A3FR0D65FZ0HYC,Mark McNary
A1A3JC0C2HK8PU,Hernan D. Gonzalez
A1EDHMIOML5ZPJ,Glenn Vadney
A5IA80HMZ8P34,Solar_Ize
AYICV8N9QCSBE,lacyt
A10GU5NVTA5I67,Lawrence Anastasi
A28VDH72GD5FQ,Jake13
A3JODP7JT671E2,Lin
A1QLHQ4PWOZRX5,Vickie
A309MRYEU1PA1A,LYNDA BETHUNE
A3GVYP36MNMZAU,Joshua Cardin
AR6YFVMCYRVJH,Frank Kowalski
A2UL0DVTM8KVNV,R. A.
A14GJA3ZCLL6G8,NJ IT Guy
A129AN1EZZVG61,ComputerGuyNJ
A2PQSEQK3B3669,Kristian Stark
A3LWYQ7AX3YQR6,Patrick McEvoy
AR7RVZZQDW6B3,Gadgeteer
A20Y59H0YSKQIH,Rifleman
AS2SZDQQASSBW,Ken
A2Y8JSKDSZ143V,Rocky Mountain Eclec
A3FNHCCZ6AK81C,TJNII
A1FLXMG67FIF22,WVU Rocks
AGOUTH0IR4SU2,Richild1983
A23BZ2NURE3RNX,W9WTF
A39H4YOMDY8OPK,Edward Jackson
A3D0LCVZAQPFJP,Hana
AM01P5NFY6PBV,mike91t
A1R4830GBU8UIM,PreparedZombie
A2S2VP5J3WCT6J,Mark and Jen
ADKYXJYKEG1MZ,Les Versaw
A2YYAIDQJUXLEF,Ryno
A16FX3ZJT4BFIC,Gentlebusinessmansir
A124PSAV4UV3BX,Mongoose8e2b4i
ATMI5EZI7OGSD,randorin
A3TWNH584UBMTO,ticats4444
A2RFR8NM3IK04J,Jethro
A3U5W4MQ7HA99U,D. C. Fox
A1RDZP8TF1THTO,Michael L. Redfield
A3TVV8KJK832AH,halSoCal
AF3VQEJBU06UY,not2smrt
A8NGTT67DYJ2,eddieinlouisiana
A3PA7O1N7JGTIT,Jerry Gips
A2UN2PW5X9JHMI,David B
A2OPBRR9CJFGHT,rtuminello
A2OA1J55AVD4EI,James Humphries
A1NHNED4X7LXRE,Doc Martin
AK0ZV04YO0USO,Saeed
A1E7YKRTB8VYUG,Silhouett
A37I2Q2RY7AUV2,Perry L. Shaw
A1RSEFCEEXQRUA,Supreme Chancellor
A2U5308V40Z4OK,Luis Arce
A3HAM42NXQMQ3P,Lizabel
A3MHA5M3B9B3EK,phonemanjones
A3LFWI95DCDMN4,David C. Mundt
A387M0AZBG83LB,Amazon Customer
A1WBZA4OM02MXU,Brenda H
AR4NKM7NXG92G,A. B. Schaffer
A1ANCHVK4Y21G0,isadora koff
A2EJAA0BBSLIKH,Shih Ho Wang
A56R62VM06ZBK,Cory Funk
A3RS8UCBAAH6JC,phonekarl
A14GFHILOY7XTW,John Folk
A28P7QWA1FUEHP,S. Moffett
A3LNEJE2SF870J,M. Esslinger
A2227KA3DAIPRZ,Jay
A13LA6WF3JLEZR,ZVaper
A2NWOSRE9LD49T,Patrice Sicaud
A379MGJ04RHDTR,perplexed
A2TYF5K1AW0O72,Viking Starr
AN0LVTRNXKK3O,E
AHX935LEAJB0,RGA
A3ULWD7PM5OFKU,JA
A2G0N24AEIJNNO,Isaac Abouganem
A1BEG723Q71PJF,message me
AX66F7XSJOSGL,Jay R. Baker
AD8ZGXUGRN6YU,H. Perrins
A1V77R4UCY12AF,Cheeky Monkey
A3546LT0GSOAM0,Joyce Ann Scofield
A2Z9H86XRXBVEI,FERNANDO CASSIA
A9VCUBEYV1C60,Jason
A3VTJA96JE1J0F,Ceramic Silicon
A1QNYLBG73QRNF,Neurasthenic
A3QL0X6SQMBKET,C. Roork
AW0UV7Z8909P6,Timothy R. Long
AZAIARFUW642T,AM Jellow jackets
A59KQIXI6WC9Z,Belle from the South
A1X2L1N2JXP678,Juldoo
AWSD1RI7NZXQN,M. Zietlow
A1U20RFLIPSH78,James Vaughn
AAHO1BZJSHNMM,Sara Wells
A1TKPBCD3A1814,Jane Austen
AIOBOYCO1TPKR,J. Monteleone
A3RA7ZWPU69LZ7,S. Mayer
A2J8C4ZZ6VZ343,Eric Christoffersen
A2YNK2QNZ9V9AY,J. Frank
A2BTEQDVP0K16I,Mark
A19Z5DWI7LN1H2,PJ&#039;sPal
A1V3PCKVCJ3TTZ,Henry Wolford
A27ORDOHS7TN8Z,Amazon Customer
APU7YT7IBAR1H,Gara
AFIYDMQDPNCCW,C. Webber
A2MEV0Q2HYZN69,D. Mccall
A1NV2F2U3EAK25,Robert E. Orlando
A2A8C5BMXMSEV3,JonnyB
A37VWMG8U0OP41,Eric Thorson
A2E6P8E66HNRRC,R. Hernandez
A1K0XNQWQFQ3LX,Marilyn
A3NLO85W6QZ3DF,Stan F.
A2FKXQ9IZOVP7B,J2000
A2ONUO1GWM9JF7,Awake
A237IXVY43KS0G,Optimus
A3THAN78FL9VC3,P. Kowalski
AMYSPSELQTQFA,Herb Leibacher
AQ76D1FI03WK2,Jen
A3PWAWCFHRC4P7,G. Miglani
A1UE58W89ARMKH,Marc A. Schoenberg
AECAEHLBBKAHG,Ingemar Gaines
A3I49HL6XR62DI,Victoria A. Wildermu
ARDE1OM974L7A,Andrew B. Schroeder
A3H6XJID8VD8C2,Robert Curtis
A3F8WKYFSG339Z,R. E. Griffin
A8D55T859ZQ6H,W. Hutchinson
A3PMFLZF8PGNMN,Teunis Middelkoop
A3UFWZLQ1RV8HJ,George Byron
A3UZ2RCTUN4S9Z,L. M. Sharp
A3BXPR54JNE5WT,BW
A1FR68QH6Z4YZM,kkrome25
A26ILRNWFWKTEB,J Ken Kuzenski
A3VL4RXCWNSR3H,DISenchanted
A170UXQQ56AHO4,Whozis
AW3VZ5O895LRK,carol irvin
A1522TN5FVJL0Y,R. Geissman
A57Q87B0TC9IJ,Derek G
AT4AV7XIQDKQP,Scott Reynolds
A2MY9VXHZYAHUZ,Kimba W. Lion
A15S4XW3CRISZ5,Andre Da Costa
A1QQDHM5YMLQ8Z,Joe Albanese
A26BDXG9KVH7SU,Traci 
A3ATKIU6MZZ4MU,MElise
A1DER9ALIMLFBK,NightshadeBlack
A1543Y65HXSXZP,Jakob Balen
A1JKJR2HX84XVC,boesey
A9EA4Y5PQDQTV,James Smith
A2X8KN82L07RSK,C. Johnson
AJE705WGX0KZE,Stephen Matesowicz
A1YK56DPXS5DFX,Carlos Santiago
A3H4TIVTTA5IBB,Brian A. Wolters
A2IE7YPWUYZAXS,David Wilson
A3ESYTN416ZLQ,J. R Simpson
A3NM0RAYSL6PA8,Maine Writer
A3NG3IWQSNNMHD,reviewer
AYMD77ITD15PT,Mindcrime
A3C1JX8E543YBQ,LYNNEH
ATDE9JYCPI0L1,Alyssa A. Lappen
A306NASGVUDFKF,Jeffrey E
AVYMBTCXYREXE,Batmanbrb
A2WB7LZ595CR50,J
A1QVFHPY8418HC,monkuboy
A1SNKXK0IGFS9E,James S
A3NKP20ZXJBWAM,Amazon Customer
A2K40JBQHJY1HH,David R. Bess
A2AV7Q95QGPTO0,Diego Banducci
A2XRMQA6PJ5ZJ8,Roger J. Buffington
A3GQKB1KF0CRPE,Deborah Macgillivray
A3IZQWRULAKKMT,Richard B. Spurgeon
ASD7LAINVLNHC,Skylark Alauda Thibe
A2AEZQ3DGBBLPR,Ragnar Danneskjld
A1QOK9LU90ACF7,Centriculous
A3GQSZ2RVVXDCZ,Jon Kreisler
A1GOKUUDRB63FQ,Stratman351
A3TUZOJZM9008Y,Michael A. Brown
A2GCVTKDDOKRRX,Cassie
A1L7REYQN5NSZ2,S. Lam
A2ZR3YTMEEIIZ4,Christopher Wanko
A3KF4IP2MUS8QQ,Daniel Jolley
ARK5SAGVLW3FY,bunnyrabbit4
A198CCH4NNLI2E,Jonathan Birge
A1MD9AEU9C4WJN,uniq
A19SRN7AX0VD9X,Faye N. Smith
A1EMN4T3ROJDOO,Karen E. Koch
A1WEBQZ3GM05N0,gardenia-dlb
A3V6Z4RCDGRC44,Lisa Shea
A2Y739CRM15WDL,Sires
A2Q6XGKWNW3LLC,listen440hz
A5IIE7X9IIJVK,Meg
AOVMC59YVZ6FX,Thomas Cox Jr.
A1B80MVU7ZODF9,A
A14D693ZAQ8UFW,Bobby R. Treat
A1FI11RM530AV5,Conan the Barbarian
A3QMJMTLJC34QC,Vincent E. Martin
A1H4IVXNXWWBLV,Chilehead Craig
A2PXVOXNYAPPU6,Bethany L. Rogers
A1YA56JGZHKNS2,A. R. Bovey
A8DTGSLA92T69,LarryLMedina
A2Q1EJXUAN61X5,Russell Streshly
A2V4P6IRCK1P70,Morgaine Swann
A1VLVWTLV3LVHR,Tim Robertson
A3JJNSW1XHXX9B,HealthIT
AGTO21BHY08LF,scottls1
A1ER5AYS3FQ9O3,Kcorn
A3NE5KEHD57Q6S,Admiralu
A18FH0NXY1G4UW,Web
A10P8UG177H2XR,cyharriscat
AG8E2F0G98ZTB,Fritosgirl
A1CFU5XJXN3PV4,Home Studio
A84FLVDK2R5JF,Nathan M. Rose
A85WY5ZDT8GXW,Woodie
A20S4G1EXF2OM7,Electronic Gadgetphi
A6XDZ1MJ0B1A2,Gene P. Louie
A3IOW3B21MCANN,Frank Z
AEM57NVIFQ8B9,FLYingG0D
A25PSIGEGEL7DE,William A. Levinson
A33B44XPTW0WOA,Roy S. Miller
A2I5LVVQ7WXEH6,JEFF SMITH
A1EFXXRDV40C4E,Charles Casterline
AW12F6FJ99WCV,Laurie
A3283O32S1PCR5,Lightning
AG1IZX86I45AL,GregV
A77MXWK83IYD0,exlogger
AAJIGWE242MSN,CJS
A32QOZWIKQDNZX,Kindle Customer
ABOTQXNUBA1MM,By Mark Braun
A2XIOXRRYX0KZY,B.L.
A1LKZTTXTWD4M7,CA472
AYNAH993VDECT,bsg2004
A5X444UZBWXW2,RM GRAPHICS
A356JAJSFPFB5P,Baivab Mitra
A16Y7ZZLEU6C7U,Southern Girl
A1KGKPWWG61U42,John S. Ruzicka
A3FKQQTSMHOCE0,Tezza
A3D2VIUT2HWP0Z,Santeria
A39OM050G38BRN,Sandy
A2CL818RN52NWN,stewart  L
A3KEXJGV0CBQUC,artgolfer
A3R9H6OKZHHRJD,LH422
A2R0MYROYFQIXY,Donna
A2EUN25B63U0IP,William Boswell
A16IM9MYTHCKYQ,Penumbra
A70V21OI7QZEZ,Paul123
AJPH8OQSWKR7K,Rudy
A3SLC8F6VIWXIR,John T. Horner
A8FB0W3YNUROJ,mrj
A1OMXVXXP07F05,D. Couse
A3IPSECQAUAT8V,JanSobieski
AE6DDIKFMC2RY,uncle-buck
A34VRVI4CSI5RQ,Matt Morgan
A3UV7L5ND3EH8T,Janet Boyer
A2XX2A4OJCDNLZ,RatherLiveInKeyWest
A29HT9J9U4QPV5,Sean Hoade
A1NU8K0Y5J5V3H,Natasha Romanoff
AWC8CTW8N2XVE,AWGamer11
AN0N05A9LIJEQ,Kindle Customer
A16RGMORD80K9V,Robert J.
A2SKEQT0WTB954,Big-Z
AHS6PX6H22WW1,H. Wang
A2PR5G1680ISEY,David Arnstein
A33ZYFE8XMKKR1,P. Scott Pope
A1ZU55TM45Y2R8,Jeremy Haggard
A1JUBRIZMO0RJV,Steve H
A2MR696ZU17F12,Foxboy
ACHTDPEQYSEQL,mhnstr
AO2EURP2Y4JZM,Karl
A1KZJ48K3NVTC5,UofC MBA
A3HIDO9H99N8EA,Jones
A2XOGLQHV7RT1M,D. Porter
A2SB6X1U0YOXFC,spike
A2NOZB6VZCTOI4,Robert I. Hedges
A6U423ORF4SZL,AMNSBFL
ANZTN7BD7K6KW,Wayne
A3GM951Z60CHA9,TL
A12ZVPU3VO7BN2,Peter A. Foronda
A1D7X065RAZEH3,Elsie
AO5DDG05DHVIC,Tomsde
A5KMMY627T3W,TINETQL
A2SH6A32BE6NEV,Comp Expert
A13TJUQCAFD5S2,Holdfast
AGFSSC5DBY2HU,GX
A1UKJJSO8A7345,GDI1952
A1LA4K5JF78BER,Earth Spirits
A39O4B6IUNYTT8,FroggyM
A1P1PUMES75Y5P,Photoguy
A4R11BO5B9U9I,Dave in Connecticut
A1YLJG0TWVI5JR,Eric D. Knapp
A11WHGA2YUTKT6,James J. Zimmerman
A2J0IBS4PFRO2C,Bakari Chavanu
AI19TV79W9HKQ,Chawks
A2YO5JDPKQKHU7,D. Solberg
A2XHOLOLKGV1FE,Skyhawk
A24O15MYDNLZBE,Smart4
A19RW25Q6206I3,So Many Tools
A3LG1UIKCZ9SV5,WordLover
A2HL609RR13WNZ,George Leroy Tirebit
A14HDK1OLFYMVM,AL
A3P2DW4YDYK88C,W. Racca
A17NJXNQKWSY62,compatriot
AGATRDOFW48DK,D. W. Moore
A6R7WVAB8SRFJ,T. Strokes
A1T1YSCDW0PD25,Lantana Al
A2YNF8D4ADUPD9,Robert M
A1BK60GZ4QME6I,John W. Graham
A17A1GNT0CQS8T,Brian Kelly
ARLPG7FN42GJN,Observer
AHJBXA6X0FLRZ,J. Young
A18YMFFJW974QS,CKE
A25KKXUQQ0OLWB,Lynn Ellingwood
AUWS4WEQ3GS53,Bill Staley
A2VN32H7VP70IG,R. Startzman
A6FIAB28IS79,Samuel C.
A2SQZL4FSRTKA6,Roy Batty
A1J75JJ0Q2OEJN,Wilder K. Raven
A7R79JLQ5Q28M,Eddie
A26877IWJGISYM,Lon J. Seidman
A2WM1KL9DQSQ18,Jeffrey Heaton
A1E3OB6QMBKRYZ,MagnumMan
A1E0XB78OUMY2T,A. Anderson
A1RIQUDE4B8NGX,Wildness
A1R0LNM873ALSV,MacInTX
AAJOV2S9O7OO,Torrey Pines
A3JVPPZ2ZNT32,Jonst
AHROSV6WJOEGY,John Faughnan
A11LNPG39A2ZV4,Kristi Swede
A371KHGW3U6POM,rdmjr
A1N40I9TO33VDU,Grant A Thompson
A5Q1FK0FWU7DH,TC
A1PCKGNQD59T4L,Chatham Mac
APFBMDI5TJ8MQ,S. Morris
A3NOBH42C7UI5M,Kepela
A2LR99VQFO6UNX,Lance_big_daddy
A1VBDKF0GK5A10,W. wright
AH91ZJ8W8NCLR,Yes Fan
AVU1ILDDYW301,G. Hearn
A680RUE1FDO8B,Jerry Saperstein
A5GPH59NDWJRB,Space Salamander
A1WWGLU3COINYG,Benjamin J. Wimett
AM8W6Y3HVXLZT,Paukenwirbel
A2CDM45LL7S5XR,Allen A. Elkins
A8LIC48AXFIZB,MovieJunkie
A3T1S9ZTHNLVJY,Inspired Dribble
A74TA8X5YQ7NE,NeuroSplicer
AA9PV73DST0J5,Rob NY
A1SDPA1J98UP4L,AUTISTIC WEREWOLF
A1IF2GNES3L2HC,Reader 7
A39KFTH8S609TZ,JonaAmazon
A2MYTY15IFSP3G,J Nelson
A1DB5QPH7WO488,J. Nelson
A2VLF9FE68LFX6,R. L. H.
A4X0H4MT1ZILS,Twentyto
A3UEGYW49RUP1P,Judy
A2IMJ568SJ22UW,Graham
A9I5M2OT66XAX,Adit
APHXWZJ22M17M,T. Stratton
A1EH2S92FHWZRP,Just a guy
A11KZ906QD08C5,Bill McLean
AYJZM89IFXUTR,CalifBeachBum
A3SK123DS7DGM1,Stephanie Pack
A1CPL11TZE1OXB,Richard E. Sherman
A2CGORRQGDEL37,T.C.
ARX66NNKRP1YT,Mercury52
A36PCKJ6A3YVMM,Rennim
A1F1A0QQP2XVH5,Mark B
A5MXNEKQSVHEG,d arivas
A250AXLRBVYKB4,ConsumerAdvocate (da
A1SHHQSPOWR00F,E
A3202C86H3AD1V,Citris1
AITDAGXGMCSEZ,Brian M. Murphree
AI5OR1HSYXCCL,Steve Dietrich
ARM94O2HRBZCF,Kool Kat
AUUXB6R5N1NQ6,Matthew Keefe
A2Y1WNETD9AYHO,John H.
A1Y85GQ09Y95JL,Mitch10
A1IO93OKI5A23F,William Farrell
A3QSZ2SE3HUSXM,bluezman714
A37IQ5N6B0LRGM,Alexferdman
A3LH77PBDFEO3F,G. E. Williams
A26PAN8REXYBYH,Brian M. Ranzoni
A3C08BZRVV500V,vrystaat
A2UX0WD7ADBIHW,Douglas A. Brown
A1UQOCC5QU9GCU,Lucy Z.
AG94GWXI2OSEL,cofffeebean
A12B0WVHZDEZL3,Trice
A1R4VH5YM1TY5X,Albert Silver
A1EYOO7WAQS0WF,Jordan C. Brice
A1Z2IWNP7IHKCC,David L. Goepfert
A3NHUQ33CFH3VM,Greeny
A36GWF7UNRW1RQ,Dannobe
AWPN47SSWK1JV,Karen Nordhus
AJC7TSNP5UAWN,Mike
A176Y7DNY6H2DN,Darren Griffith
AUL58GNT5L7H1,PGM
A2PSC7LUNIDEAH,Dmitry Kristal
A3AZRMT8XFM820,Port
AWCZ9GY5SQLY1,Jflipo
A2MAT1XJWG0JVR,Dr. Tracy L. Marrs
A30OI8J3O6OSCZ,George T. Sumner
A9GPCR9WJQCCJ,Jim
AP713Q6I5T1XW,Joy2day
AMQ1MEG334SAP,Bigmac
A27HD5O3TRWITN,Boss Man
A3L6NR8ZS7HLKP,Gregory P. Alford
A2K3D4H7FEM2GG,V S
A3Q7LVUP45XLUZ,Santa Barbara Jim
A1660JZPHFX90N,David
AN9BUWRTR8BII,Epicac
A3T3S48UAVTUE9,JanFlorida
A3MJYAJ5JO38QZ,P. McCoy
A361NBC6JJAOWC,Richard L
A156FYYPJF7R7H,J. FERRARA
A3F8WHBAMXTL8W,RonL
ABVYGB2TKBO8F,J. Donaldson
A2QK6CWANYGXTB,J. Musil
A2I3XS9TO93Q0F,Michael Meredith
A14WX0UI595VVZ,Robert Allaben
AIXM03YWH44LD,C. Dunn
A3OKH5G69MS8D9,JRH
A1REMEHU05QCWM,Elmer B. Fuddled
A3MCVYUA4Q5PZS,PB Addict
AUU9C6YZ98WB9,WildFlower
A9STHX3JV9O4N,Henry C. Diem
A3EH5LB79B37Y4,Edward J. O&#039;con
A8G2W3PNBM0R2,Pawan K Nachnani
A2QQEURPB1VQF7,A. Rhodes
AMUP8DYE7EAN2,mateo52
AE0QPOQX3ZXP0,Arthur D. Castelli J
A2TTHN1UMO82VY,Liliazuli
A236HOR5PFM15P,D. MCGUE
A1143YEAZYMYHJ,RicoTX
A1SEUUCNU8G8EW,Paul M. Kankula
A21S26XYPGXJZX,Bigdumptruck
A24B990VP9QC6C,Cathy Stucker
A3M6TSEV71537G,Sibelius
AVXGN90BU95P8,D. Buxman
A36PFPY4O3E1DV,C. Fernandes
A1HOLJW15Q5S5V,James John Hollandsw
A10G4BPT5MGBHY,Julie Neal
A2LKYBW6V90PMJ,Dubbie
A1RGW8ZYX0PAE1,DC-User
ABXANRX4GPYRZ,hdtravel
A1DQVIG6TENR5Q,EandM
A2T91VWRHRM3KH,Merrifield Winters
A2UOHALGF2X77Q,DLH
A1PCYAHFDDMGJZ,New Hampshire
A3KDRLIBWILPMJ,New England Yankee
A2EZTM9WY5B5IL,Casan
AVR7IAWO7Z0VQ,ebastro
APEQGP42031FP,the bear
A2ICKSJ6T7WIBO,Arthur Digbee
A3L1MEXXDI4Q77,Miranda
AG90OGHDGOOVH,David Stapleton
A3OH101U0CPUC7,Joseph Boone
A12ANFNOSMW5VD,Penfist
ADY836HK6QSYR,ardnam
A2F6NONFUDB6UK,Malvin
A18S2VGUH9SCV5,Margaux Paschke
ACYR6O588USK,Groovin&#039; guy
A2D66KSHQQHOSD,Green Level Clearanc
A37PV5GMP2ILJC,Amanda Richards
A1FRADBDXQPJJC,Rayhan S
A3OC42X7H74D1Y,J. Friedman
A2SRVDDDOQ8QJL,MJ23447
AE12AEJFCOGGY,David Montgomery
ARTST8JB04TBC,Michael Kear
A2V0I904FH7ABY,XNOR
A27F1N27M1X0NM,Ken Shaw
A31HE83MU98GBV,Gadget Girl
A1BT6TL7UCIC5Y,Quoad Toad
A2QDOJFFLFGF18,michael alexander
A1ZCSSCAGBCD49,I Dont Do Reviews An
A3KCKECEO3E2AN,K. Dubose
A1P0JSFW184ZXJ,Geek Girl
A3G7BEJJCPD6DS,Clevelander83
A17HMM1M7T9PJ1,Timothy B. Riley
AGZEK96T7WK6,Just Me
AFBXQDFJF33VS,ShineTYC
A2RRMTLWP3N6TB,W. Tappan Lum
A20Z9Y3POX1H28,midwesterner
AW42V7SDGU8LR,Greg J.
A18L7A43I409HU,Hard T. Please
ACMXHJV1KCOSV,68_Continental
A390UFRRO2BLZS,Tony Polito
A26LD9FQHTM8ZH,OlyNomad
A1V4VVBQBFXRHC,Big-D
A19GSC3QMK694Q,COLORADO HERMIT
A7EJERNB7IK3Z,CQ DX
A3NKRH3TJ4DPVI,Book Glutton
A34VV0DDR0OFE5,K. R.
A2F7CSE6KT7NI4,Dougie Fresh
A3NRQZDIN9CIZ0,Michael Perine
AQ9JTZBF30IW0,D.J. Frazier
A1T6PXM2M3N84A,Harold McFarland
A39G26LKBXB83D,RBMunkin
A2BCDZO1XQLDH,Rich-L
A3MLKJ1HHA2SX0,Robert Stinnett
A3J7H61WESSUL2,Stephen714
ATJE929ETFFNH,Fred Woodbridge
A105S56ODHGJEK,Peace Daddy
A1V0BPMQVY24VX,Randy Pullman
AG1OL1K3SFURN,W. Munro
AVF954NLYDYW7,L. Mylks
A3Q1J68QY1MZQ9,Natalie Kilpatrick
A29B4PAIOL7HYG,N. Caruso
A1ZVFCPHCWFV71,Nick S.
A22TZUXUKA11SQ,K. Hinton
A1J6B00Z1D6PS4,Jimmy Moore from Liv
A3SMR4HRFJARSC,ChristineMM
A2X3L31KCXBHCL,R. Song
ACZ4YI6UWRVOG,Tell It Like It Is
A2QFUMSDNMZY1H,Patriot
A3RULVXYF5149L,Amazon Customer
ARBKYIVNYWK3C,THATCHMAN1
A2JDVZNTCXKUS2,JohnnyC
A3CW0ZLUO5X2B1,Long-Suffering Techn
A28M2VGDGJB1S3,Gregory C. Sayler
A215WH6RUDUCMP,JDuB
A2D1LPEUCTNT8X,Ali Julia
AO5QBNCXTVSUQ,Briscoe County
A2DZ0QRHRXIE5V,J. Peterson
A2X06FP2PQ6EK0,S. A. ROBBINS
A1MJ4D5Q6IZE4Z,Lazy Bones
A2TLDIYYGLF0G,Mark
A238ZWM4J4WOD4,JohnSays
A2LHL3RYUYLCN8,Marty B
A3QAD1BD3NIIO4,A Taxpayer
A67ZWFXTEX6TD,M. Duncan
AUCISQA1YXX86,Confederate
A17NVM7IAPF2NS,C. Labye
A2RV54OXBGRD2Z,minwei chen
A3PWOYJPO4CT93,Camille M.
AXD90E4DPP27L,L. Cusick
A2BKS36BUQIB32,04 ZRX 1200R &amp;#3
A1DSB4I8NJ5GX7,Amazon Customer
A30RMQZADGBG6V,oramacbs
A3GW8HX6UB0XML,Jeff
A2OZIY67Q6ND06,stingerdoc
A34YUJ0LVFWXRW,Pod
A3FBTJCCNQXW2U,Goldenroom
A17771LTRWSKQ5,Helen L.
A313H6238N589,Jaewoo Kim
A22I55P15NSAOX,Two kids mom
AX1EFGUXGMSQG,Roger W. Brown Jr.
AS28WVBBZ3G99,Jeffrey E Ellis
AD406JFNIV3MY,Neil A.
A1HJYR6KFWM6BV,Guybyny
A20ZM879PCQQEZ,bob fox
A3NRHAQEUZTW4G,Michael P. Murphy
A3U52V5ZAHZZKU,Wayne Crenwelge
A3M2Z5Y86RK8TI,Scoopero
A7C77J4MH94B6,Maxwell Edison
A1HF3OK0XXJ7JN,AParkR
A37MH7ICH80QOX,Kate McMurry
A37G2MFUZN9IK,Guillermo
A6VPK7X53QNAQ,Zen
A3CG6YLYZJXQG4,Tracy Rowan
A3PPXVR5J6U2JD,Michael J. Tresca
A3E4OLI1U8WA5W,Anthony C. Ho
A3M1PA1C98XNGN,Elizabeth Slater
ABK0V7DLYO5NU,Christy Smith
AVBLGXSWRN666,S. Jentsch
A3LLP0VSTSABK2,Lynellen Perry
A2PNOU7NXB1JE4,Peggy
A27JQB7JMGFLKR,RINGO
AOVSHXKHUYMII,Willy Wright
ABOYCZON8UEGJ,Jay H. Colborn
AKYDGCKCY7H9F,GearJunky
A3TIACCF9FM8PB,REPTAA
A3ETKAYC6QUMI0,RWH
A2M3KEMN3U4IBO,Masazumi Kotani
A1FV6SJ6Z27O1E,Charles W.
A2PK64OVZA1U8Z,Jakester
A19RGDJPNZ7NZ,MW
AVBRHXLYULLMX,D. Williamson
A2NSXY5L42ZUGO,R Gibbons
AAGB0XWYNI8SK,BBQ Mike
A173GBQFXDGR72,Jane S. Bishop
AF0YK383VWX49,Thomas NYC
A16K26BEGNCXXQ,Sundown AL
A1U2H8AQQHWSNK,Old DOS user
A2VAD79S4A06DD,Bookenator
A3FY1GXS48WR8B,M. A. Filippelli
A13JDHPNAD2L0P,H. Coles
A2EF8N7ZE7ONWX,"Snap, Crackle and Po"
A15IH0ZQ87H51P,S. Shrader
AX7317G153T8W,Colin McGraw
A3QU3O79AGNWCY,Dano1988
A1C0SOX7DPXY65,Magic Mike J
A1QBIFGNRTBJAJ,Happy Man
A3DC6U3FJKZ8NV,D. Farrow
A3E0CV9614GQJV,RealDave
A37QUQPYFMR9Y9,Tempting Reviews
A193EJOOL5WHG4,Nothing Yonsen
A1C760KGFSRI6F,Alexis B.
A2J8DE8R94ZB02,Truth Teller
AQZH7YTWQPOBE,Arnold
A18U9BQQQ0U8F5,Grieger
A1P3DDFL423B3C,Mitch Haile
A2D9VD96W8PADC,Thomas J.
A33XMCG1UFDSY2,Nat Fruci
A3CN9CCJUNIPKT,DJ Joe Sixpack
AL4WL29R6K4E8,roni
A3G5C3JE30FP89,Dennis Simpson
A2KMV056844YV2,Book lover
A3RGHO0Q938FRS,Amazon Customer
A3KGLXW3EYDTUH,ck
A119S8FMR47N2N,Dustin Williams
A14NA0W8ESGDSI,T.L.
A3KZCNV1N8R9GC,diljs
ASQK4UT56QBTI,Drew Mc
A1LH6RF4UN9VI6,E. Garcia
A12E0Y0J6584RT,Desiree
A5AFEI7B2MHF3,G. Stanfill
APOGXH3A74CM3,Damian P. Gadal
AHSTSNIWEQTI,Chitown Reader
A1JMB7RDVEMN71,mypointofview
A1GNYV0RA0EQSS,Olivia
A1HRYC60VTMYC0,BookAce
A1P5QZJB3QWL0B,Caroleinwv
A1ODOGXEYECQQ8,Nuk
AB094YABX21WQ,JG (Highflyer)
AL6CEWLV2JB90,The Writing Chef
A1W7R5ZAGVOSVQ,Imajin8
A3RWFSU4Z23JYB,pgc3
A160SYE0A14IZ3,Peter B. Tobin
A1QA2NTJYW5W0C,Clifford H. Campen
A1A4R14NDUIGFQ,Marty T.
A1HOBKH5U2K6UP,Gene
AT3NIL6Q0G44I,Amazon Customer
A32GW1R9MW0XOH,Chuck Pearson
A7363DMO16VKJ,Moondoggie
AOC10MBSLD8U2,RRR
A1RRMZKOMZ2M7J,Susan Katz
AQMUXDDCLJSSV,J. Peplinski
A2UWPPU5GZLMQZ,Michael McKee
ATMQEI1LKR6VB,Shevi
A23ZNGL704AW7O,Jennifer A. Ray
A19TIVS3PM8JHC,monu
A2NRBOWFEO19S8,Amazon Customer
AY3XPKRAMKKY7,C. G. King
A235X21ECO1W4R,Avid Reader
AL1XV4L25FZ2S,GameMaker
A2XHUR8JIYJ06B,Charles Valenzuela
A15R9AHDDZSJ44,Zito Medeiros
A2BB4DGBRVGKWW,A Customer
AYDFG3Z05EUZ8,Robert
A1L66FRXSW9MWZ,sdm
A1WSFHRBY2ZD1R,Amazon Customer
A32Q5HN7RQN6GL,PHL1111
A9LNWA25IM2DX,R.Suarez
A27R1FLUS2KTIX,Percolato
A1DSRM2P0WGQNS,J. Moore
A20J0NBT6FWXXM,Robert W. Smith
A37IBQNKHOX2VA,Richard O&#039;Danie
APFOCDQF9YXJT,Larry E. Hayes
A29ELKON8MT4M3,Donald Cates
A164QRX9T0P8A0,D. Potter
A22CW0ZHY3NJH8,()
A1U5NWJOYH2QQH,Old geek
A3284KYDZ00BZA,Erich Maria Remarque
A1OFN8KBQOMRM7,Rhett E. Parler
A240FRPD4MEXND,Phyllis Staff
A10C5CJK1YKGV0,Steffan Piper
A2AC6GQ24S45GA,Patrick O
ASJZT7DM51QEM,PatrikH
AKNJ8VVJ87RV,Tommy
A3MVMPFBN1RFFV,Disney World Mommy
A1WLDZ2VBT8L60,Richard J. Garcia
A3JRW716H3AX14,Scott Lloyd
A1BJSKD9HW4L0L,MyReview
A1SRMG16HF5TLD,Mark A Spencer
A7ZSEMONQ84JB,Cesar A. Padilla
A1MG5GVUOFFZY5,John  H
A2QNPH5TJ4QKN7,Steve Winkle
A2AMFONTBYDO8Q,Tom Wilson
A12GG3M1A1OMD2,Tyrone
A2V5M5EJPOD2IU,David Bradshaw
AXNBI9L5LHH6X,J. Cihak
A7NQJPXN1QBLH,Dr. James A. Dwyer
A29QCPFDSDNNKQ,Avert Inc
A32M7HKY7SQ602,J. mcnalley
A3D8NAHCHRROXP,Georgia -
A2IS5YJF9DDOHE,Ron Poorman
A29HEP4USHKWM8,Kendall L. Vaughan
A1S9RZPVGI5NCZ,Bookworm
A2GS8D5A1908RG,Paul Buckner
A4QXTN3K865NR,GoTrumper
A36B7TZNERS5IW,Krykie
A2T7E1LODAEK9G,Jim F
ABFN8SJDGYMK8,Steven B.
A1W78VPTNJJOF0,L. Wilson
A3EZD11AFUX23K,Jason P. Gold
A3L8XRYMLZZES6,Amazon Customer
A2E1EFNIZL2FVA,Zutto 
ACQYIC13JXAOI,Tooncesmom
A11JU33HMT5XPU,S. Lawrenz
A2DW7QRJYJUY3Z,rangerone
A2Z1R98M2XOCEJ,Harold G. Meeks Jr.
A3SX5MZTCZRQLF,12XU
AZ515FFZ7I2P7,Jerry Jackson Jr.
A1T7EHCMZ92TKC,ratyoke
A3UORBSIKQ56ZB,kdea473
A3A1OA237FOZFK,#1 Amazon Fan
A1HFT68GJ42LTM,AverageGuyShopper
AF03A958JD9GO,MetalheadMissy and J
A2OBHKWE8YKZJI,searchtower
ARR335JD5JNJ3,Al Price
A25LMKW5SLQYDV,MT Pockets
A3AS83OQW4HSL3,EZ-Wisdom
A2H2I5FY1PUHP1,Boilermate
A20V7N5A22F4BM,BNewby
AMO1MLSIJSQOF,Ivan W. Ong
A2PBMCBT1R8TTL,Sam I Am
A3SKMWPVR5CO1H,Computerdude1032
AQCJWSMSURQI2,A Customer
A3FEGTOLCWXSV4,Ammy_Evaluator
A36X3BJHX8ZZBI,Leeniowa
A2JAEZ0FMAMJVW,A. H.
A2VH0UT5EQFB6P,loveguitar
A22UEGDX65VTZZ,mlp
A3847AOEXWW7FI,ryobiguy
A1JAQH5B0PV61N,Yellowstone
A1L39B3I6KC7M2,burritobrother
A2TXMYYGSZCSZ1,annie
A3L2KYOYDWSRPL,Kashif Memon
A3UBDVOL5UDIIB,Laura
A3JPFWKS83R49V,Bryan Carey
A15T9G38F589KM,knitting ninja
A2UVYN2FO7X43V,Margaret Bonham
A2TVJ0YDW3QO63,Dan McKinnon
A1A2F1ZOWOPNJB,Jack C
A1BKJNAWJT2TG2,Southern Mississippi
A1ZGHA3IJV01BK,K-cee Kit
A3FS3FJPD3RJTD,SundayAtDusk
A1T61QP7QHYBRQ,an honest reviewer
AL3MFYSK9HKCL,Amazon Customer
A2JNI9V0X3YHK,Man in the Middle
A2Q2A6JKY95RTP,Raul G.
A1F2EYORWOZ3G1,Kevin Stanton
A2WC9NFLG57W4H,Momma Mary
A8SPPHKETDZ41,barbre
ASKH6TPNTTAFS,SP3204
AFICF7DKHTQ87,Amazon Customer
A28N2AWOVO2PB,Simon Cleveland
A2NVQZ4Y7Y0J1R,FotoPat
AMKNPIDFLRFMP,CSX
A1G6M86XS35YS3,Paige Turner
A261P36T13YP98,Victor Blake
A3HJHV83O2U8BL,Robert A. Grossman
A3P8ZDHC7XSKSE,Ravenskya
AI0PLL5DQAHRG,Ty Arthur
A316XO4RWX21YN,Jonathan D
A14ENWEKTHCBXR,R. L. Miles
A1V4QK4OE1A0QS,Stacy Alesi
A3K93OWHKHGI9V,Water Monkey
A1WXG10FJ353K0,M
A1JJM6COMQOO4Y,Jeff N
A12JW0O7TEMLF4,mark
A216Z266WSNL4S,Pavane
AWNBZSEZ9P8BE,Brian Connors
A13EQE9EY2ET93,Daviangel
A23GFTVIETX7DS,Debbie Lee Wesselman
A2VW4FYZILSXF2,Jojoleb
A3CG93783LP0FO,Nacho Libra
AJNU53DSIMQFC,Jerry Virzi
A28CCN6VYHRUKS,Andy Gray
A2PMR2PIGWKCQ9,Ms. T
A1VFX417XDNWIU,Canis Majoris
A1L8PL08LOYO9L,M. Stone
A2PLGB52VCSYHG,Mrs. Night Owl
AWGWBLW1SRPG6,Puente Silva
A2BMZRO0H7TFCS,Ed
AZ24FJKEJNSDX,Doug W
A35IX2GE0VC0JP,FirePepper Red
A3QDDEW6RXVEAY,Marisa
A2AOW20EGSCAY2,C. A. Boswell
A3S5WYWYKSAI9C,Bradley Olin
A12DQZKRKTNF5E,Andrea Polk
A25QJBK33C4O0R,terpfan1980
A25WJCAP606YMP,ESVK
AVPNQUVZWMDSX,esanta
A23WE733QT4WGJ,Amazon Customer
AQH1SWR5HA413,Donnie Darko
AFZJNYR931ZCN,The Lunar Staff
ALVYD6HBLYI0W,D. Johnson
A3PD8JD9L4WEII,Bron
A2068BC3ZXAVJQ,scesq
A3HRDRQ5VAFPQS,2WheelTravlr
A2CPWKQ8P550VT,J. Kainen
AZ61PR2UGT3IP,Theodore Dent
ALGPGCHQC97JG,LastGas
A2QRXQPHDMFCQV,SanjeevP
A3Q02FJXJMYG08,Russ
A1QT6PHXDA5XDF,Bob_E
A1MNILX1J1NWV7,R. Carter
A68I93HI9W6LD,JJ
ADLVFFE4VBT8,Cthulhu
AIY2HTFUFUPAG,David S. Drapkin
A1GNYKVAT4ZHT1,Buzz Stephens
A3J8A5L5AF5TX9,Richard L.
A28DEENZR1ER2A,Richard L. Walker
A2IAQL36OILN2S,G. Updike
A395F4P17EQKND,Jerry
AL5JX4BX0PBJY,daGrouch
A1ACM1CBGORBN1,Sherry Berry
A3VI2VETB90ZG5,J. Sullivan
A2QI2NTDTMK2FV,Jerry Palmerino
A3A2UUM6MVWBCO,Michael L. Breslin
AMRMK86X3PKXD,Kindle Customer
A1NGFGBX2VCQS8,Ralph Furlong
A1LKOIZXPQ9VG0,Elisa 20
ADEZOPMPKK146,Amazon Customer
A2LF16F0KX9L7P,John Keitz
A3A90CELVLOUP6,Nanciejeanne
A3A1E05J5PXADW,Amazon Customer
A18HU62I3DI476,Brad W. Stacy
A2JE071UW97J2A,Kenneth Depree
A98DQMUSV4BSW,Patrick O&#039;Malle
ANDP9FTMQRQCA,Joe Lara
A2JA59SICVG83V,Mr. Big
A1L0SUHFS9LHPA,Jessica Weissman
AY711KUG8ZRFN,R. F.
A14V7Y1TE21VT3,Guitaro
ALJBMBL5D28UC,Copterpilot
A3T6YF1GIB4O88,Carol Clasen
ASLUIYTSDWH9H,Kim R Langlois
AP4YLGKMJIV0A,Pattie
A29APPTLKD4RV6,Timothy L. Upleger
AUEUB778AU7MW,youngor
A2PXBHHYYF5OQB,RX
A1EH9FFEI9RG17,Steve
A22RIIYSPA3EDH,R. Eye
A2N4BJQJIWPB3O,buttercup
A1ACAC8KN9FAKD,StillReadsBooks
A3DNH689K1EB1Q,Survivorqueen
A1MKYTB0PW16IS,G. George
A3T8WOFS5RD2IR,John D Hillmer
A2CZXRWXCCN9JX,mkegaffer
ASEBX8TBYWQWA,Steve Ramm
A2DRURXLBMP77K,M in SC
AJ9AE2BVND0GS,RETSmile
A2NOJVQUPKPTEI,R. Pickman
A1Q4MNIUESQTBM,John Schultz
A3DGJMO6VPG6FJ,Jeff &amp; Wendy S
A2FRAS05LEI6JJ,Sadie
ACJ9N7ED37HXS,kstars
A24HWYHR28JJ7A,AmazonCustomer
A2DF62DP20RIXF,M. R. Simmons
A3SN30JBRXYS8E,B. A. Zimmerman
A2R1HUYHXV7H18,Bugs
A3QL857ALV5RCJ,Tamara Thorne
A2U0LXK29W2U6,GmaH in SC
A4IL0CLL27Q33,D. Brennan
A1EVV74UQYVKRY,K. Groh
A2IFGGXG3YV3Y6,Chef Scott
A3QNQQKJTL76H0,BBP
A3FKPBNI7UWQFW,Work of Life
A2ZE738RAAN0ZB,AnarchyJim
A1YCWZWOXLUAY5,Mom of Four Sons
A3U41ZL33SS92P,Kevin Nicholls
A1ER6IYOMM8VCT,! MR. KNOW IT ALL  ;
A2BFIYZYNK54QX,The Blue Thunder Bom
A12O5SEIF162P8,William A. Nolan
A3OEIPLU13BEW2,funbear
A1M85S3L9ROA17,C. Jong
ADPP0TXH70ON8,S. Horwatt
A3NMEF3MJ0A3PL,R. Callicotte
A3REK3OFONWB1Q,Paul M. Provencher
AXVKMYWNIHK7W,3kids@home
A3IOCPLIMYDBCD,Hummingbirder
A2L6BT1PVV9YN0,Robin
A3EZFFPVS34AMO,PD
A2503LT8PZIHAD,Trouble
A26R7LLAFTPC3U,William Hardin
A3MQAQT8C6D1I7,RenaissanceMan
A1EM5LNJBNNI26,bobbyinpa
AVF9FV7AMRP5C,X. Liu
A2SI5MM8V6W133,mouse user
A10PEXB6XAQ5XF,Michael Gallagher
A2VJ5ALN1BIV3B,terster
A3AR4LD2A9WNX3,Marshall Masters
ANG2AWNVEZR57,Amazon Customer
A1S5G0CL6NZHM8,James M
A2EMUM49CE0JV4,Mark S. Mocarski
AOZUWMAUBO50L,R. Bremer
A3B3CXPFQ8VBHY,MJM
AGWFBOF3Y2FRX,Midnight Distortions
AQQ9TXBPXQVI8,Gilbert L. Jones
A2LEIANN1UZTHP,brainout
A3L1BNBV4SS1H8,MKinz
A2XBL8D75FHS0U,Charles Rockhold
AV69BQQR8VCQA,Hap
A3RNXWG0J64Z9Z,LJ
A1A8FUZ1IP3VNX,W. Shafer
A2IX2PCXS5O2FK,Mike In San Diego
A3AP2MA7YIWA4F,Rick In NorthEast
A2TXR85WQLE32N,HMS Warspite
A35HNL2VEDK9Z1,Doctor C
A363RAQ1NTCXTW,jasonhad
A1VGXHHR08G044,D. Coral
A30I0LXKTAP4F,DN
A1R1BFJCMWX0Y3,KO
A1WKEAS58297E5,Amazon Customer
AVFJ327UXPXLF,Jerry Helsing
A1JZLZGQZ62RSO,Thomas Wikman
A5G3GY4XV6E7A,Cowboybob
A2NMCYAA4I89CM,John D. Duddek
AMBFK6N4JS5Z2,V. Hutson
A2FS9527Q7YIDM,J. Smith
A2J8T58Z4X15IO,ScOObydoo
A20DDH4NT6Q1E8,Koala1356
ADFLPF6FI3W0O,ASP
A23J1T7UNX14TK,Nolan Lewis
AQZ4PHIEEV5N5,Polly Ester
A116J8AUC3JSN2,Harkius
A3BAOIC7JMCY6R,Blorg Lirgemschlip
A3W4D8XOGLWUN5,Michael Kerner
A279A4Y2N1CQ26,Crestviewer
A22IDP8YERZ79X,MicheleLK
A35SZBPM3WCB4,Feejo
A2Y3WWPUKIJ59I,Veil_Lord
A2AVMEB8PQOTTE,Robert Riggs
ASY25YMTIC2A9,Grace
A1LQ1MQNS5GKRQ,Grandpa
A2DXENZNO2JT4F,Mat633
A2LXC5ZHHP0WXP,"Leah Maines, best-se"
A225KOTGHS3BRA,Patrick
A1LG1DKUZXGJ6J,N. Beitler
A25UZ7MA72SMKM,Brent Butler
A278S61JJ5Y95L,Aspiring Artist and 
AX329NHW6B7BA,Kindle Customer Abby
A2QBSZYDSDTZX,Sarah Vigil Swiger
A28I5UM0FT3I6T,Joshua
A3ML4CHOP95259,tee
AEASNN4Z1IWB2,Kristine Hale
A3MFORLOKIOEQY,John Green
ARPB88E6F2MFR,Redz
AZD8SMNGQI98O,Ready for Trouble
A3BVN2QBNPBHCR,Lincoln
A2E2IH62SG4PXS,Greg Savage
A17WM3NTCID9DS,Robert D. Harmon
A1UQUDT2Q0YENM,Michael
A186697K4XKXQL,Matt Hausig
A2D3Y6D1H9YDIE,Don SW Florida
AYS4UGU2YB0W4,Dennis Meek
A3SMD3T0QTN109,Dustin
AFYPYQAFA31JU,Sam M. Tannenbaum
AI8EMB0HUC6Z5,Tyler Forge
A3O0GVCFV59SZ5,Michael and Julie
A1TANIJVIWCDAK,D Ballings
A1HTXSEDVJBXEM,Larry in FL
A32K8LYOGC4V3M,Deerfield Brent
A3L9WM6LGIM0NF,JEOSTEEN
A1KKE6VX8VPWZK,Joe Marino
A175LEXWUFW5FZ,D. C. B.
ACWWU70Z91EH0,Mom2Michael
A1T3AY6X3H5IB0,CastAway
A22XKZH39639H5,Chuck
AJ7Y7MR6LEFE,Chicago
ARWKXFSG5DAFK,Michael0924
A2XCLWKD9MG0CE,D. Petraszak
A3C8DR3HF989EC,John in Alex
A2Q7JSMPKUWXAS,timetobuy
A23RZ9J7TBGH6C,Teressa K. Shoreland
A10ZFE6YE0UHW8,C. MacPhail
A2H6A6LKJNF5NC,Bill Smail
A321PYYRIGM6MH,R. McCarthy
A3TDR5VQPREEMA,Amazon Buyer
A1ZVD4PMQZIQ52,Robert D. Spessard
A2JS2PPR6FW42E,MikeM
A1QU2SX55FHNED,Billy C. Morris
A3TFJE04LTJDLI,FALCON
A1RB8GE2E1ZQWN,Rikki Boodram
A10NC6ZVVMBHNH,John K
A34H55BJ1JRC3A,R
A38GH2AWOKXUZW,Tom Scott
A3D4ZY01BBKYV7,BryanRTX
A2AHCEM2JKKUX8,Theresa M. Bender
A3R1CRLXHZC60F,james edwards
A30LAVLDNH4JR0,Fred Padovan
A3FOSLM5G1BO63,Eugene Tenenbaum... 
A319Y83RT0MRVR,AIROLF
A1501C38OCSEMA,Glamma and Lil Bit
A30R8VFR16RE32,K.C.
A2BLGCXUR8IT79,Tech Reader
A365JWYH19HM3B,LikesAirplanes
A34Q86UCEA54C,WC
A12YN0X0CRN1AV,Dora
A1PB9418G8KP3Q,RG0647
A2DIQTZPF26T1L,Snowmass
A1PROSFQBIM26A,Quotes&amp;More
A1MFAPVBW9BEGD,Amazonian Drone
A3DN0B5OEGFL0L,Gadget Freak
AUV3OR951650C,Mommymemommy
A2TS040W2FW5O,Heidi Anne Heiner
A1JOANG98KBFKU,Rachel Dawn
A2VJJ2POCLMED7,Marshall Carter
A2U6GHU2EMC5M5,Rawim
A26X7W5UM5QFT4,Grits
A1HBI9BBQIG1NH,Ward Lamb
AE2I87RNTD4TO,Randy
A2BXG6W3BBNJAL,Ekaterina Puffini
A1A9WJHKBSTI4C,William
A1SOH83X2VW469,K. Koonce
A11T807LX2EF00,Michael
ABQWMANK4AR63,JDThird
A2CJ4DLE8TWAGL,Mitchell
A2L46U9X378VKP,G. Linn
A19JGPUJAX048H,mayfayre
AYNRALJ4X1COS,Jon
A1IBKN1GXYJ3K4,Dave
AELK0E5DK7LIZ,Reuben Gathright
AAPPWNP9FWVWS,Kathlyn Storey
A1B70ZEWQ6UH1A,JustMe
A3L20U76EG3KP4,James L. Willis
A3CW4T7GIS1X9C,J. Smith
A1EQ5D5JRSW23K,Erol Esen
A1TYLW0ZRM53GS,Chuck
A2TON0Y454P0NG,Blue Dog
A381C6UUUIAB4V,NoBS
A2QOMZA6Z2S9O0,John Dickman
A19NP8YYADOOSF,N. Krumpe
AAEHOTZ1GRAUX,Jim Bernheimer
A36EW68H08UOCS,Mark J. Fowler
A26FEJTPYJ934F,Taylor Corbet
A209G57KXCBF4C,iReview
A3IAU6ZPVF2R5K,L. Maupin
A327HI0M9QL7JR,Robert A. Hansen
A2OL5WLCNZVD9K,nonpareil
A4V35W9XNM4X4,Bill Cashell
A2XRZV63X79YSJ,Movie Mania
A1SXCGBJ9JW2MO,S. Templar
A47D5C32VLQM2,SirenPrincess
A31RULW0KNYJ5H,LA
A30UP2KKD5IQEP,Soar
A27XEJX3W4FCUK,William C. Milo
A19FRW264WZTGP,Bunson Honeydew
A9XASTQBNG6W2,Pandora of Boston
A1Z16630QMH8Q6,Vista Bill Raley
A2KX7C5O86E58,Twilightjoan
A3LMPD1ZQTWOC4,AmazonLover
AF03NDXR2PIFX,B Wilson
A2Q3XHNN3BNPCO,Putsch
A1VUA80DLZGWIP,furfoot
A13PT03EWR07XM,En P. Junction
A14LG64GIVZIGS,S. J. Northrip
A1CVFUQ1PGSIJL,T. Adlam
A2R95Z7PTF5ZRO,AmazonFan
A3BH63GKL7MQ2K,J. Roberts
A22PUBSSNP54L,Penny Puss
A3UVGHUDOY77YR,MissPammy
A29VG90T649CSU,Sasha Q.
APADTEN8OKDDT,Bruce Dudley
A3QRR8PSCBI07C,JJM
A8UIDJZ297YLL,MG
A2AIE7ZJIW2T6S,jrodie
A2T7GZ74MZI0MN,J. Worth
A2SVD5ACQT24WP,GT Man
ACV3Q7FASMWW,GoAMZN
A15PXK8CBQPJ6X,Phil
A2HIY3RMCFY2IR,R Rose
A1MRTZO4JT5P4H,PHOTOMAN225
ACL0T7X1THPAV,Bryan Cass
A5FJ7IGPB0UG7,8235
AIBRTGBN07D6A,Trive
A2Y75KG99A1QKV,Scott Bourquin - Aut
A1PKJZRM97ELT8,Widgeted
A2F2Y0BJS7V49Y,Jeanne
A1RQEPTX8DUAPK,C. Miller
A1JHGJINYCZ2B2,Mike
AE0337VVP8MRM,Eric B. Borgman
A2HC9549CZAKNN,B. McCarthy
A1B6SIX2I161O9,ring0
A12S8UQEIPZJKE,Kay
AG1DSA0555FU3,Aphotog
A1ZOIGQHW7FPT2,Thorvald
A397CWU6DM3O5G,a customer
A17USEQCX31NS2,LexOrandi
A2DA2NJZ2RIYAB,Melissa B.
A9P4Q7KX35RS2,L Jones
AWRUIJDJ798B8,doris day
A2THQCHKR89E16,D. Bryan
A3BAE79NXFDXGV,Captain Couth
A3EXW4HNYX7HF5,Atomic Tofu
A2PNBEVAMV28R8,Dealzguy
A2MZXLN9TLP1R4,GLBT
A39Q9G7J70A056,Anna
A3VFDA2PSKDCLZ,Jitu
A3VUACLKNSMU2,Eric
A1DPOEBIUY9IVI,Vishwa
A1PMW3A3WBYS23,JOE IULIUCCI
A3APIP5GYBAW6Q,Bentwatertrail
A3UY1P48GDB2TQ,John Cook
A1VQ8QE8NT2YM7,Laurie J Minichiello
AWAK01AFK34BG,rek
A26M2R0EYFM3GL,Laynne S. Gensler
A38H1KC0SO5TYU,Derald G.
A10G3LHNAK4GEH,Greg J
A1BL7D7OGIVB6B,j d midyette
A1W476YCP7DZ2S,BillH
A1SLXB9BNDHO4V,Caroline Fisher
A1PL7QILVQV3IF,LordOfTendons
A12ENBT314RFXR,Patricia Ferdig
A3K8V27VD5CI3A,Rich
A2CLGI60Z6O295,SRC
AI05XY84DRC36,Best Designer
A1BBCMZRDT7MCJ,Walk_the_walk
A2N8P4Y65DJNTT,J2018G
A1P3VXTAZSHUIP,Spenn
A3KLDEKXJZNT13,Verified Amazon Cust
A12C7XYE27B7KK,Newbie
AW7ZOPB601PRX,Dawon
AP9SD9G4TSQ0B,malwarehunter
AQJTO7LONGZX6,Steve
AW1X443NMSTE9,Michael O&#039;Sulli
A2NMMSLFGW84K9,A. Moore
A3OPKL03NFOSZJ,Gus
A2K1DWUMAZLJWY,Charger IT
A1XYXBMAT39J3C,Roland Barton
A1DP7V50JZ48TQ,Redbehrend
A22G7JCSEEIBXU,James
ADWUJZ8865J2A,Old Codger
A2WPL6Y08K6ZQH,Narut Ujnat
A1YAGM2QOSAAOT,Personal Robot
AXNJFYJRDK7CJ,Megan Bostic
A2W4014S06NAIT,Fathom
A1MIWY5P4X6M4,S. J. K. Haley
AH91R2FAVTIZI,Jr Ranger Cowboy
A33LKRMLTQUWQA,Cassee48
A197GS9TRBOKX8,JIM R.
A3OKJR8V2MR3Z9,Robert Manning
A7NUXXOKGQQKP,Thomas Serface
A3RGJ1FXOB1ZLL,Norseman
AYNTULRNAIPNY,Young@Heart
A2IOGHTCJ3QAHU,Tall Timbers
A2MCC0XFURU2K2,Judah Levi
A1BHSP8TPTH8Y5,SuburbanHousewifeMN
A3RGN75LHYAG8U,Memly
A6HOWM08PLFZ5,Michelle Rayburn
A20H1M28WLI9J2,Brian M. Edwards
A1QVQ7UJY4VASG,Margie Read
A1KRT1B3C08AHQ,K. Gibbons
A2IFKH3TJ10387,Christopher Powell
A1V3TRGWOMA8LC,James Beswick
A35HOUWHAYZZN6,Hedera Femme
A1HYH206E18XVC,Bass Cadet
AFD6W5PLS36DY,Anthony Joshua
AM13JILBPTHYF,Geever
A13JBWCE5ZKCPM,Diamond Gold
A19HT7YC1UW3D6,Amazon Customer
AV8MDYLHHTUOY,NoVA Music Lover
A7H1LWFBE905R,KWJ
A1GYEGLX3P2Y7P,Shala Kerrigan
A3EK2KTYHJCPB9,Brian R.
A2AF0NOCM71J0B,M Cox
A2LW5AL0KQ9P1M,Dr. E
A21YKKGDHH4YAL,P C-P
A37LQQJNYCGHAE,Bruce
A23J4S3ZHX48AU,Pearlie
AEZJTA4KDIWY8,Herman
A32XWGTJMQJWZN,arty9
AAZBI7PRKIMO8,Smile Savvy
A312UBIOP091MH,jeanneserenity
A36JK2BSXS0U43,Caraleisa
A1VF5LN6SHFVFJ,Bask In My Awesomene
A2LQ4YFXADFC0J,KJN
A3BU7C79N5I6BQ,E Chiantella
A2WG33SBOT901X,"Andy Anderson, Write"
A7CEP1AKDJXFO,Old Guy
AGYH5U11ZKPFB,jenksdrummer
A1X1CEGHTHMBL1,JJCEO
A3AG5QAT8L0I3R,J. Maxon
ALDAF4VVLFRHP,Patricia Brouillette
AFBUDZ63FOLVS,Nancy Famolari
A23TGI02RB7JC,Marilyn J. Adams
A1FDVT0DLJWV78,D. A. J.
AQR816QPFU5JE,Timmothy A. Chapman
A2NYT77RVF4EKA,Davyd
A3A5HLFUJ5WU2B,V. Fothen
A1SI2993YY7C61,AMZN Customer
A1IJOBQD8CY8K1,kwmar
A25KVM6GJBLISZ,John F. Wright
A2M3JK0FHR1ZL0,Thomas R Amann
A20ZQBUF37U01H,Will D Beast
A30IP5D5DLHRPA,Kyle Slayzar
A3H1L8J408EMXK,Great Poobah
A23NSKTMSPPBTR,Wayne
A3OAA19C65C5FT,D. Johnston
A9GIGJUB98JNR,Chen Sun
AWMFB7Y3155SU,Not A Lot Of Money &
AE88D7OM7YU99,T Anderson
A27E44IWS3B7VD,silhouette_of_enchan
A1MRRMHGV3PN5W,Amazon Customer
A2NPF1LZ1S57JV,Sean Paradis
A3H2CKTFZ3B3GD,Brian Hawkinson
A39ILAW86DCL00,Indy
A1GRADH8KWUQQQ,Kevin
A264KMMQIISV0A,Sandra L. Tutalo
ABCNO99OFECJ0,JamieHyde
A3S58J9HNVKP32,The Bard William Sha
ABQCK8434VWX7,It Is What It Is
A3R4794K2RVU1S,Danny Yu
A2RJKVBUNZCSXI,MPH
A8G6KQD2JH8NW,KenGordon
A7G2OFKFUP8X9,deanie11
AT4I0AOR9YLNK,Russ G.
A2B9N8LRE4CG7O,Jesse Crenshaw
A1SKJK2IISNRO2,Patti Fischer
AQB4DH57MSZSC,Amazon Customer
AWSK1ZAEU1KFL,Dale in Tennessee
A2Y03QL006JMF2,James D Ellis
A31Q1BC9O8FLX0,Dunc
A3IF5BFQMURE3A,J. J. Capone
A4J9TN7015EZ7,CHTX
A3C2O6SS4ITQHC,Eric
A2M1MNG7G40V85,Surface to Air Missl
ATOKT8QYK967L,Steve B
A1UQBFCERIP7VJ,Margaret P.
A17CXXQUDPQASN,Computerboy
A18FT4SOVZ4CCW,SunbowSue
A1075X1Q4M3S78,"Gene Gueniot, SR"
A28I98PKHZZKVB, S.Trasny
AFIHZGX5DMIXS,Rich P
APUHDJ6QURQIM,Fallible Human
A38OWWKAEJ15AI,sparrow
AZ8NQPFR743F0,Grandma11
A33LBTRTH6XOLE,Daniel Allen
AJL5FZL8VY4GK,Jerry Durham
A2VD7NGNH1KPDZ,Big Daddy
A1ZKCYRTQWE67F,CRK_VA
A6FSYF9LXS7AE,Johnpix
A112E6NE5MGEFM,amazone
A362RDKIELNGRO,D. Ives
AJRH9YA4ETWIJ,tracker258
A3HR0ZZOFKQ97N,RLC
A1MEH5VWD1BKB6,G. Grant
A1HUYT9E1Z2E6F,Thomas Dawson III
A1I9Z7BQW5ZD0S,AJBlessedLife
A3RZOPQ42Q50B1,Christina Paul
A2GKWC2UIDRZ42,Daysong Reflections
A2EMBPZJ99QLDW,Scott R
A2UXDOS0WFZCWQ,Amazon Customer
A1PM7HH4F77NEH,Kindle Customer
A2FNA5903D9E6Y,Carol T.
A1XO3MYDH4QGCR,david p
A10Q2ZCYPEVHCU,W. D. Barnum
A1ST9PG26FSN2H,Thomas Paul
A36MQY2HNRIA2W,Larkhall
ALLCK39NM5RJY,mbrugh
A2H667ZUNLNTF1,Wendi Barker
A2XH6KI5ZLRLPS,Tina (Redzworld)
A29PE8R32252G5,garyedavidson
A2JW7E1UM8PT3X,djss55
A2XEQVDAPBKYF1,William
A2LQRY6QU7KQY7,royalty1022
A1ZX9B71DGKUO2,Bronetta M. Sheen
A3JT72RXDDIDJ6,Lloyd A. Rhoades
AYVMCMD8RRXEJ,Fred is not dead
A2BKVMWLF786XU,Mike in PA
A3JD87DUPU2I56,Dr. J
A100UD67AHFODS,Expressed Reviews
AEMTE111KM6E1,Amazon Customer
A207F6AQXEJ4XA,BDM
A3EU25XMBJJ4Q3,Greg
A3RVDXHXWXI6K4,James Neglia
A3IJ4Z18FTIIP,K. Halloran
A4S2WAQVQR6PI,jackbnimble
A6IVWNRAEYIOW,H. Vinson
A24AB6DJ00YOJ6,Dan
A236NUWYM7W35F,Amazon Customer
A35EIZ0JS0DNOC,Steven S. Nelson
A17RGH6BONZR57,Jerry D.
A3F8T3BRXRX5P3,JWINK
A38IIYGUXUF8DJ,RoadiJeff
A25C2M3QF9G7OQ,Comdet
A1N9OA03PECA38,Dave Parker
AEQYAG42F9128,BobL
A1XM3LZEMKMJLU,HAROLD A BRENNEMAN
AQI8RM906GVQ0,john
A1ISULY59G6JB4,Vibert
AV7GZCYS1S3G7,Nancy Realtor
A2NB2E5DXE319Z,S. Lionel
A1NTUHB72MS4WS,dodybe
A2OCDK0BOW6UCY,Antigone Walsh
A1MDDJ2XUPZZOE,K. Cade
A2DJFYBB2L5VSN,University Doc
A1R3I45UPI1PG8,"Thomas E. McRae, Jr."
A11T43WK7C7OR4,Olmstr
A2VIX3WXF4HG9T,Adryenn Ashley
AHUT55E980RDR,Neal Reynolds
A1BEKAQQGP8CMF,Big Red
A2XSY4L7GDHV4W,Bob
A39W0CYS0TNWHZ,William Roche
A7QOOJUE2THEC,Louis Gedo
AG4KRBT4E0B1L,Bill
AEU0PXF31KEOC,Vulkrider
A2VZ43530IHTJU,dickb
A17E3NBADNTI3X,Amritas
A25NT9MZV9RTR7,nitsa
A25WJGW9I7O9HM,Harry DBH
A9SNYKHZ13HPJ,John M. Geones
ALYZJ7W14YS26,iiiireader
A1CDYJJ6KUL1FZ,BobbiJo G
AQ2MXGCYN6X4Q,Axeman
A3ISA8LBB5P34E,cm
A3AGWK1O5U0QK0,suzukiman
A2FBPS1P12N24T,Medianvalued
A2L4ZGN7GZJ95T,Jed Shlackman
AY6A8KPYCE6B0,Tyson
A1F8ABPW3WRF6T,JWH
A3AL9NFNWTRV39,Booklover1335
ALWTMPGC77CWM,Carlos M Perez
A37SGUQGIDFOKK,Lee
A3AHJVBTUQL67,Customer
A19QMWXXUUTA9I,Mark Buck
A1XZIN7RH74JWR,Computer Tech
AS8WACO82JMGZ,REMY.2012
A2F81U787R2BZD,TechSmart
A2HV76MYH7UL3S,Dale in Texas
A3VHYQ0MSE35HJ,PonyExpress
A1H86HVCP8047N,landover
A1NA2JGI3GNDN2,default
AVSM9DYAWCWUY,Dannyboy
A2MJ03J7EHVSCI,DON   THORNTON
A2BABMIJ37TYCT,MBM
AYNZW5W4PP2I1,SailorEd
A23LA252K8MHKW,Ronald L. Hill
A2WYTI7RYF2A29,Frank P
A3A5O9GY3YJ8B1,Jack
A2D8O4ANMAXKNX,R. Guevara
AN2F1ZFV5OAFW,Daddy Dave
A1WPTHYWUTEIZQ,BuckStar69
AZQGJ5CEAJGXB,L.C
A24DO6K2FU92YH,Robert Richmond
A2FUGL44X83UV4,Paul Warren Snell Ph
A36788MO8I0URE,Master
A2OPWMG3XM3W1T,Tammi
A1RIHR6ML8F9UD,Amazon Customer
A3OG6C9AAYWFSZ,marion1739
A3EYFVVDAS5VUT,Ken M.
AYC0OSX1B9EC5,Dudley Dolittle
AIBXTHJFKM11X,popsburgoyne65 
A1QDYPFUEF3DY4,gentlebetsy
A30LRB20LJ19OY,LazyPinkAshe55
A1U98C6PV9IBZA,Binkie
A3QC20LI56TI5B,Josh O.
A1MH90R0ADMIK0,Tommy A. Bird
AS44QEHT3KSPK,banana wind
A3AYSYSLHU26U9,Amazon_Consumer
A1ZXCXYW3SSEHC,Dennis Brooks
A22BBLTS1YPFPE,MooncatX aka Bliss C
A30C2ZPWDLE5NV,James
A1E55W6ES0FY17,Tom Steele
A3IO7P02I0IIEM,GMD
A3TAS1AG6FMBQW,Jeri Zerr
A3QED0Y8VGXZJJ,Santiago
A14B5Q67LZV2W8,snakebate
A3N7HGTKWF3P2N,Calljoec
A1RHJX6OA0O9KQ,Kevin C
ALCWLUKK9RLFW,Duncan A. Talley
A2KIIQX2TH70MR,C
A2NSI7M0FKID7E,C. Hovde
A36RO7NCM6IUGB,Long term customer
A1G7YNZXPBWA4Y,RON
A3FKZQSCISVWFO,Ruger
A1FDSZISWIXH1A,Terry
A2HLVJ7S6VGA4,DU in Hawaii
A3B8IDIJ1W111Q,Amazon Customer
AFJUSRQTNHJ5I,Digger
A133C40VXZWO4Q,K. Luke
AY9QAUOWTW86Y,2722
A3QIQLPZGYQ3AJ,Long time customer
A2CFBCJJ9Y6USQ,Mochagal
AHSUG8320RZVR,Ernesto Guedes
A2N2XU3U2LYUZS,wla755
A20T1LE9FQN00C,Mario W. Diaz
AQZ1VXTL6QZPU,Bruce M OBrien
A3JP831AUTAFB7,Pet Parent
A3NWK0N8O8RXS9,foxbrown
ARX0KOX5Q01BJ,MASTER REVIEWER
A2Q51L8MVGK5L6,nevrider
ASYKUKD5MW46V,T
A15KW9UMN29BKO,Erik R. Bostrom
A2FE6DT9WVMQA3,Erika Zivelonghi
A22RL3ASSY36T1,Amazon Customer
A3M7BCQKSQAK4L,A Family Effort
A1W7SEM7BKUEIA,Garden Davis
A2MYM0XC5JNHBS,James Cothern
A1ZQ11M7FOKTJA,Salty
A1U1G73EI5IRZF,Victor
A1CZXADWZQTFMR,Hitech_vtx
A2L9TLZ951F6PD,Christopher Gore
A1AIKETKYWVID9,Mary-Theresa
A1DPQUK2V5GZE6,Max T. Cat
A3LZA698SQPCXE,@TrevorHikes
A1L85ADJ0ZNTDI,Sobeeit
A159FSS5O08S1Q,HA D.
A22HDGUSOJO4SY,AirThunder
A2TQRAJ048Z23P,Izoslav Lyubovskiy
AIJQT0PTK109N,me
A2KIZOKNM0A1JG,Karl B47
A2A4DPHP8DCVDY,cat sadler
AOB4VJLN3X7OR,Dr Dale
A33SX0AD5PYD9B,Kortick
A2RK3QEUEFRNAN,Daddy Shawn
A3QDPQBJAJC6C,Chris DIYer
AIN37ALFNB3NO,donnie davis
A3DNFFI917QIRO,andres
A33WFRICMYRPT6,X. Fossor
A3PGN4ZXMQRSYH,Amazon Customer
AY7Z0W9EKBCBB,Tina Musto
A1MOLMEBRO23PR,Daniel Young
AAA1AB2WCC8TU,Richard G. Redfern
A3LDWKMHWW3OXN,ROGER ALLEN
A2DV14M0BC6YY1,The gadget buyer  ( 
A6T2B13WYCMJG,T. J.
A288P7RIO427JG,thegospel
A1IKP1UHJVW5JF,Stephen
AN2FZ6SBNYDDQ,Thomas Lawson
A26808LRG8PLPQ,Chad Herzberg
AUQP40O85CQA4,Ratsarun C.
AX3RYFAA7QHS4,Michael
A2H2X04DVMFGIN,Cici
A3C6C71ZKWJ9PG,Amazon Customer
A3F5Y3NDSB030K,Angie Valenzuela
A3TNXRZR8ESVU3,J. H. Smith
A2SACTIFMC5DXO,Thomas
A2Q56N6TI0T525,Shootability
AO8CLH4Z6QRJF,Francisco Lopez
A3U7J61Z9UERWQ,THOMAS L PETREE
A3TH42PC3EZV1B,Black Cat 27
A1OAOB1VISYLSB,Shane
A1Y3PKMAQEVHK7,Bruce H
AKSS684TUJQX3,"Bob Hale,"
A1ANC5NLVQWUQM,Paul Lewis
AKN564U9C9FUA,Chet
A2KYC21WDNY5L,JoeBulldog
ATANE2SC44592,Loves those books
A1DG75OT3Y49EM,ashertopia
ACX80IV6CGBZ0,Gagewyn
AOB85R9S1DP1,Al
A1MLX3KJD59GZZ,Pickleball King
A17IMGUM423YY9,R. W. Walker
A39IUCK1WEKLQI,Gloria Jean Sevier
A3QTARPQHP2VVH,Kenya C.
A266HUPEXHDWWP,Soaring_Eagle
A3IW3DNHUZP23U,maholly
A28HBQ7BP70VGL,Monty Sexton
AF9AHVTSEDUFO,Handyman
A1IZUYUKA5FO39,Billy E. Maddox
A2QFHHLU5SVB76,Bob N
A2KH79R7QAKCSN,Harry L. Hines
A1R5NYTW214KG4,FlyTech
A33IUIT8G4MA4N,Happy Happy Joy Joy
A1UW9EUVLK5VTC,Fixed Gear Tom
A3935GZFLPU28D,R. Bauer
A1RMEDDRG0V9F2,R. L. Boutelle
A3ST1UEQOH94CF,Fred
A1J9LW078SZFQQ,LLP
AN5FTWFGH183S,Terry D. Russell
A3RZ23VUW00A3F,Velikova
A1DEFSDYJ491Z8,glengoffe
A2A187H32FTQNH,Michael Wyrwa
A2XC714PE4NQVE,Walter Zahn
A2043TZWO0M6DT,Albert V. Peri
A2KALI5TR0319K,Stan Lewis
ANEHB0UARUA9Y,garciamag
ABUD8RGA6AAC6,J. Serra
AEGMEHLRVDP8B,Figaro
A24ET4BPOVKRHJ,Amazon Customer
A2U80U8KAR1DL,Bill_IT
A20YVM44ZB2K00,Janis O&#039;Donnell
ABEAUXVVB2E1M,Linda Armstrong
A25NDDJD0UUALR,Christopher
A1BSCNMCI7LOAB,Von
A38JP320EB2W7I,William Sloan
A20USZQ2GYDDKB,Reno Elder
A38Z11QP8B702T,Walter and Louise
A3K0MNJHO7R2MG,Raymond Ozanne
A2PREU4LOFQRB1,RYZEN
A1VPNWK3IUF0KB,Wes Brockway
A1THNW9Y672UWG,IRON GIGANTIS
A2CHQH95XQUY4E,ak2012
A205YMN8YR88MK,Michael A. Kelley
AYKFN6Z2Q457S,Alfie
AALZQV9U9AOA6,mrgbeatty1
A22D1JM7VRP2D,Albert Bechyne
AWMRW0WDB7VFJ,Petls
A2A33I5BISEN03,Alestair David
A1TJLEHWYRJ1VZ,Nicolas E. Kaiser
A1CHOUPK2ZXJ42,James W. Schlotzhaue
AJKGD52I9DGCN,Roberto
A536M59DMDN1Y,Juan A. Mendez
A21BVL7PKG9BX8,Yoda OK
AZW10G02DNJI4,Dr. Feel Good
A1R3PI724B1SIG,Tumi
A1GGXJZOI5GEAQ,Alan Rayner
A282Q8NF63SZ97,JJM
A35QFQI0M46LWO,Christopher C
A1OWO0HUEVXCJI,jb
A1O16J4RN90W3H,CD music collector
A2DMQB5ZGGSSBO,Mark
A10EIJM2C94M14,M.Smith
A3GXYM60AY6LC5,Flight Paramedic
A17BKFKKUZ8VAT,Ronald Moore
A1B6FJXCITRTMG,John Curran
A36JD4TF3WHDQ5,george
AHLGP8DNZDKU5,C. Mackie
A2BJENO2QDA3Q5,Wyatt
AL6ZFAIQCQAEL,wilson xu
A1LCEX2MXDIWV,Amazon Customer
A280UMSPTC3O5Y,R1b5NW1ng5
A1D1NIU7AGSDJY,3589
AVBIHG87JJV6,RWL
AXMPNTJU89DYS,Bill M.
A2ZFQ9RT9Y9NQN,rigilsp
A20OIY9CQ4S5JI,Sharon Matthews
A48400QTCGBJF,mark j maher
A6NG1IPLO0M1X,Ace
A1PSBR3JRZ9VO0,Vdub
A3C0UFYFGBNAR1,Butterfly
A16LE2XBKYYRJJ,J. Dresser
A2ONJRZVX2MLVE,Angela-Clare Pollard
A1B8EJQU73YGL9,Nicholas Wilson
AL1R9APK6DD0I,Big-T
A10CRW7XRJBJ2G,jjm
A3RZD1U5ZA4OIM,Allison Kelley
ABBSIHA7FGINO,Kindle Customer
A3NAN861N8RS3N,Kent H.
A167KI3P7XN1AM,roman empire !
AD85M8MCAFJKY,Linda Joy
A3KI9RWPRAWEII,Chuck
A1TC2D64FBPSQ0,Robert L. Snyder
A8GG5FFQDIRTU,leon g. normand
A2SMRVTSGNNZF0,MiAORland
A1DOV01JUFR37J,ReddyG
ABCPOCM2C65RM,M. Hills
A3VZDMCWFVXOVX,Rena End
AF3IGCWZRB950,Sherrie H.
A3H11VW0L01A1T,Happy  at Home
A2EY1MSMXO6LQ,_NM_
A1SH9DMYHO89K0,steven kizer
A16YMCFWGSFGS9,Alla S.
ANFRSLQ583FE4,sticks
A20QR509GXKL2A,larry johnson
AID7YAXYMK4KT,Angel Nguyen
A2DKUVUY6M48YF,Shilo Agee
A19E8HMVYC7MO5,Dan Rancier
A2YKFJ23DXWUJ7,Amazon Customer
A2FUAY203GSOQ1,Private
AW6IPPKMS93CJ,Fernando
AGNEQB0L6NJ1K,Big Al in Sunny Flor
A1GH53UK8XG8JD,Vince
AKF947QSWROER,RAYMOND A BARKHURST
A1C47ROOK7BSVL,Lilia&#039;s CO2 sal
A1SAERVEC8O6T7,inthename
A224RZET1Q1JCI,JAMES E PARE
A31WL2DMXTR6SV,Ken
A5U5T6EWH90O0,Lauri
AWS9P2FOTIBB3,Stan Wilson
A3RVG0QUY7R7LX,G&#039;Wood
A1ULT4WTQ51BQV,RichardW
AQ8D0UWYVSKGK,CFC
A2QUOJMLPOO086,"James Howard, Jr."
AQVNJVVCII62J,Yavapaibill
A2RYWPOL4NN2KG,Raed Haed
A2H80BVBTTLJZK,Dravid
A10S3TPJ3WUPHF,MJE
AZ0PCEZUTF5QO,Leah Berk
A28XA7KEQPY48O,Artistmom
A8LGBWLSHFXXR,R ANTHONY KOLSTEE
A3HWW4WZRR0EWI,Tammy Banks
A1TLCG6CG150MY,chas1376
A38LDNT0ACG2Q6,JP
A3TPKBOJKCP6F3,Carville T
A2PQL2RCDDVZN6,Timnukes
A39SHLNGZSJHNJ,Markis Allen
A392ZB0EJB75NE,THE 300LB GORILLA
A1WYGUZIYZSTKC,Elaine M.
ADQMD5JY576CU,ron gerard
A30T51SMB0UQR1,Steven
A377FI7BV0X32K,William Cashion
AO0DSC1DYT834,Clever Cleve 
A2W1MMTI4BNJKD,Amazon Customer
AUWIWBA9J3QBO,Curt McKeever
A2DA33J043R68D,Bill :-)
A1SE0LK82QXOGZ,Starfleetguy
AOOWG6KYD32UJ,Harold Pont
A10SE0U42ABS9S,Grant Cummings
AH5WJ8JEGYTDR,Benjamin Miller
AJUQPCJGQUZV8,James Bond
A1VQHH85U7PX0,Stack Overflow
A1DSGNHMAGNLTZ,P. Barrett
A3LP3J8DDX4NX,T. Lynn Smith
AGBZ9NGMQHN1I,amazon buyer
A1H378KKY8V01U,Hal
A34AN3NF8P7PJ,Reatha Carey
