sellerID,sellerName
AGWFBOF3Y2FRX,Midnight Distortions
ANEDXRFDZDL18,Serene Night
A30LRB20LJ19OY,LazyPinkAshe55
A1JJM6COMQOO4Y,Jeff N
A6U423ORF4SZL,AMNSBFL
A2QK6CWANYGXTB,J. Musil
A19RW25Q6206I3,So Many Tools
A2QNPH5TJ4QKN7,Steve Winkle
A14HDK1OLFYMVM,AL
A2DXENZNO2JT4F,Mat633
A3KCKECEO3E2AN,K. Dubose
A33LKRMLTQUWQA,Cassee48
A2F2Y0BJS7V49Y,Jeanne
A1U1G73EI5IRZF,Victor
A2WM1KL9DQSQ18,Jeffrey Heaton
AO0DSC1DYT834,Clever Cleve 
A1Y85GQ09Y95JL,Mitch10
AQZ4PHIEEV5N5,Polly Ester
APFOCDQF9YXJT,Larry E. Hayes
A1YA56JGZHKNS2,A. R. Bovey
A8SPPHKETDZ41,barbre
A1MDDJ2XUPZZOE,K. Cade
A1GNYKVAT4ZHT1,Buzz Stephens
A39SHLNGZSJHNJ,Markis Allen
A2SMRVTSGNNZF0,MiAORland
A1PMW3A3WBYS23,JOE IULIUCCI
A2N2XU3U2LYUZS,wla755
AM13JILBPTHYF,Geever
A2QOMZA6Z2S9O0,John Dickman
A1BT6TL7UCIC5Y,Quoad Toad
A3TFJE04LTJDLI,FALCON
A3U7J61Z9UERWQ,THOMAS L PETREE
A33WFRICMYRPT6,X. Fossor
A2E6P8E66HNRRC,R. Hernandez
A3RZOPQ42Q50B1,Christina Paul
A2CZXRWXCCN9JX,mkegaffer
A5IA80HMZ8P34,Solar_Ize
AI5OR1HSYXCCL,Steve Dietrich
A38Z11QP8B702T,Walter and Louise
A3A5HLFUJ5WU2B,V. Fothen
AR7RVZZQDW6B3,Gadgeteer
A3CW4T7GIS1X9C,J. Smith
A1MG5GVUOFFZY5,John  H
ABOTQXNUBA1MM,By Mark Braun
AHUT55E980RDR,Neal Reynolds
A4EJM72NKO4YM,Debra
A2H667ZUNLNTF1,Wendi Barker
A2Y03QL006JMF2,James D Ellis
A3FBTJCCNQXW2U,Goldenroom
A1WBEIH7Z37LN9,MagicSkip
